<annotation>
	<folder>my-project-name</folder>
	<filename>11.JPG</filename>
	<path>/my-project-name/11.JPG</path>
	<source>
		<database>Unspecified</database>
	</source>
	<size>
		<width>256</width>
		<height>256</height>
		<depth>3</depth>
	</size>
	<object>
		<name>Black Rot</name>
		<pose>Unspecified</pose>
		<truncated>Unspecified</truncated>
		<difficult>Unspecified</difficult>
		<bndbox>
			<xmin>209</xmin>
			<ymin>71</ymin>
			<xmax>223</xmax>
			<ymax>81</ymax>
		</bndbox>
	</object>
	<object>
		<name>Black Rot</name>
		<pose>Unspecified</pose>
		<truncated>Unspecified</truncated>
		<difficult>Unspecified</difficult>
		<bndbox>
			<xmin>125</xmin>
			<ymin>163</ymin>
			<xmax>131</xmax>
			<ymax>168</ymax>
		</bndbox>
	</object>
</annotation>