<annotation>
	<folder>my-project-name</folder>
	<filename>124.JPG</filename>
	<path>/my-project-name/124.JPG</path>
	<source>
		<database>Unspecified</database>
	</source>
	<size>
		<width>256</width>
		<height>256</height>
		<depth>3</depth>
	</size>
	<object>
		<name>Black Rot</name>
		<pose>Unspecified</pose>
		<truncated>Unspecified</truncated>
		<difficult>Unspecified</difficult>
		<bndbox>
			<xmin>57</xmin>
			<ymin>134</ymin>
			<xmax>85</xmax>
			<ymax>153</ymax>
		</bndbox>
	</object>
	<object>
		<name>Black Rot</name>
		<pose>Unspecified</pose>
		<truncated>Unspecified</truncated>
		<difficult>Unspecified</difficult>
		<bndbox>
			<xmin>60</xmin>
			<ymin>160</ymin>
			<xmax>92</xmax>
			<ymax>175</ymax>
		</bndbox>
	</object>
	<object>
		<name>Black Rot</name>
		<pose>Unspecified</pose>
		<truncated>Unspecified</truncated>
		<difficult>Unspecified</difficult>
		<bndbox>
			<xmin>108</xmin>
			<ymin>62</ymin>
			<xmax>124</xmax>
			<ymax>79</ymax>
		</bndbox>
	</object>
	<object>
		<name>Black Rot</name>
		<pose>Unspecified</pose>
		<truncated>Unspecified</truncated>
		<difficult>Unspecified</difficult>
		<bndbox>
			<xmin>198</xmin>
			<ymin>138</ymin>
			<xmax>208</xmax>
			<ymax>149</ymax>
		</bndbox>
	</object>
</annotation>