<annotation>
	<folder>my-project-name</folder>
	<filename>144.JPG</filename>
	<path>/my-project-name/144.JPG</path>
	<source>
		<database>Unspecified</database>
	</source>
	<size>
		<width>256</width>
		<height>256</height>
		<depth>3</depth>
	</size>
	<object>
		<name>Black Rot</name>
		<pose>Unspecified</pose>
		<truncated>Unspecified</truncated>
		<difficult>Unspecified</difficult>
		<bndbox>
			<xmin>162</xmin>
			<ymin>140</ymin>
			<xmax>209</xmax>
			<ymax>157</ymax>
		</bndbox>
	</object>
	<object>
		<name>Black Rot</name>
		<pose>Unspecified</pose>
		<truncated>Unspecified</truncated>
		<difficult>Unspecified</difficult>
		<bndbox>
			<xmin>181</xmin>
			<ymin>127</ymin>
			<xmax>219</xmax>
			<ymax>140</ymax>
		</bndbox>
	</object>
	<object>
		<name>Black Rot</name>
		<pose>Unspecified</pose>
		<truncated>Unspecified</truncated>
		<difficult>Unspecified</difficult>
		<bndbox>
			<xmin>208</xmin>
			<ymin>102</ymin>
			<xmax>223</xmax>
			<ymax>111</ymax>
		</bndbox>
	</object>
</annotation>