<annotation>
	<folder>my-project-name</folder>
	<filename>158.JPG</filename>
	<path>/my-project-name/158.JPG</path>
	<source>
		<database>Unspecified</database>
	</source>
	<size>
		<width>256</width>
		<height>256</height>
		<depth>3</depth>
	</size>
	<object>
		<name>Black Rot</name>
		<pose>Unspecified</pose>
		<truncated>Unspecified</truncated>
		<difficult>Unspecified</difficult>
		<bndbox>
			<xmin>91</xmin>
			<ymin>92</ymin>
			<xmax>120</xmax>
			<ymax>111</ymax>
		</bndbox>
	</object>
	<object>
		<name>Black Rot</name>
		<pose>Unspecified</pose>
		<truncated>Unspecified</truncated>
		<difficult>Unspecified</difficult>
		<bndbox>
			<xmin>50</xmin>
			<ymin>77</ymin>
			<xmax>74</xmax>
			<ymax>95</ymax>
		</bndbox>
	</object>
	<object>
		<name>Black Rot</name>
		<pose>Unspecified</pose>
		<truncated>Unspecified</truncated>
		<difficult>Unspecified</difficult>
		<bndbox>
			<xmin>151</xmin>
			<ymin>37</ymin>
			<xmax>165</xmax>
			<ymax>48</ymax>
		</bndbox>
	</object>
	<object>
		<name>Black Rot</name>
		<pose>Unspecified</pose>
		<truncated>Unspecified</truncated>
		<difficult>Unspecified</difficult>
		<bndbox>
			<xmin>169</xmin>
			<ymin>49</ymin>
			<xmax>194</xmax>
			<ymax>62</ymax>
		</bndbox>
	</object>
</annotation>