<annotation>
	<folder>my-project-name</folder>
	<filename>162.JPG</filename>
	<path>/my-project-name/162.JPG</path>
	<source>
		<database>Unspecified</database>
	</source>
	<size>
		<width>256</width>
		<height>256</height>
		<depth>3</depth>
	</size>
	<object>
		<name>Black Rot</name>
		<pose>Unspecified</pose>
		<truncated>Unspecified</truncated>
		<difficult>Unspecified</difficult>
		<bndbox>
			<xmin>149</xmin>
			<ymin>128</ymin>
			<xmax>160</xmax>
			<ymax>137</ymax>
		</bndbox>
	</object>
	<object>
		<name>Black Rot</name>
		<pose>Unspecified</pose>
		<truncated>Unspecified</truncated>
		<difficult>Unspecified</difficult>
		<bndbox>
			<xmin>212</xmin>
			<ymin>82</ymin>
			<xmax>222</xmax>
			<ymax>90</ymax>
		</bndbox>
	</object>
	<object>
		<name>Black Rot</name>
		<pose>Unspecified</pose>
		<truncated>Unspecified</truncated>
		<difficult>Unspecified</difficult>
		<bndbox>
			<xmin>221</xmin>
			<ymin>29</ymin>
			<xmax>238</xmax>
			<ymax>38</ymax>
		</bndbox>
	</object>
	<object>
		<name>Black Rot</name>
		<pose>Unspecified</pose>
		<truncated>Unspecified</truncated>
		<difficult>Unspecified</difficult>
		<bndbox>
			<xmin>49</xmin>
			<ymin>102</ymin>
			<xmax>57</xmax>
			<ymax>111</ymax>
		</bndbox>
	</object>
</annotation>