<annotation>
	<folder>my-project-name</folder>
	<filename>171.JPG</filename>
	<path>/my-project-name/171.JPG</path>
	<source>
		<database>Unspecified</database>
	</source>
	<size>
		<width>256</width>
		<height>256</height>
		<depth>3</depth>
	</size>
	<object>
		<name>Black Rot</name>
		<pose>Unspecified</pose>
		<truncated>Unspecified</truncated>
		<difficult>Unspecified</difficult>
		<bndbox>
			<xmin>150</xmin>
			<ymin>114</ymin>
			<xmax>197</xmax>
			<ymax>126</ymax>
		</bndbox>
	</object>
	<object>
		<name>Black Rot</name>
		<pose>Unspecified</pose>
		<truncated>Unspecified</truncated>
		<difficult>Unspecified</difficult>
		<bndbox>
			<xmin>162</xmin>
			<ymin>100</ymin>
			<xmax>213</xmax>
			<ymax>112</ymax>
		</bndbox>
	</object>
	<object>
		<name>Black Rot</name>
		<pose>Unspecified</pose>
		<truncated>Unspecified</truncated>
		<difficult>Unspecified</difficult>
		<bndbox>
			<xmin>198</xmin>
			<ymin>79</ymin>
			<xmax>219</xmax>
			<ymax>90</ymax>
		</bndbox>
	</object>
</annotation>