<annotation>
	<folder>my-project-name</folder>
	<filename>191.JPG</filename>
	<path>/my-project-name/191.JPG</path>
	<source>
		<database>Unspecified</database>
	</source>
	<size>
		<width>256</width>
		<height>256</height>
		<depth>3</depth>
	</size>
	<object>
		<name>Black Rot</name>
		<pose>Unspecified</pose>
		<truncated>Unspecified</truncated>
		<difficult>Unspecified</difficult>
		<bndbox>
			<xmin>180</xmin>
			<ymin>37</ymin>
			<xmax>206</xmax>
			<ymax>53</ymax>
		</bndbox>
	</object>
	<object>
		<name>Black Rot</name>
		<pose>Unspecified</pose>
		<truncated>Unspecified</truncated>
		<difficult>Unspecified</difficult>
		<bndbox>
			<xmin>136</xmin>
			<ymin>13</ymin>
			<xmax>167</xmax>
			<ymax>28</ymax>
		</bndbox>
	</object>
	<object>
		<name>Black Rot</name>
		<pose>Unspecified</pose>
		<truncated>Unspecified</truncated>
		<difficult>Unspecified</difficult>
		<bndbox>
			<xmin>88</xmin>
			<ymin>26</ymin>
			<xmax>110</xmax>
			<ymax>34</ymax>
		</bndbox>
	</object>
</annotation>