<annotation>
	<folder>my-project-name</folder>
	<filename>198.JPG</filename>
	<path>/my-project-name/198.JPG</path>
	<source>
		<database>Unspecified</database>
	</source>
	<size>
		<width>256</width>
		<height>256</height>
		<depth>3</depth>
	</size>
	<object>
		<name>Black Rot</name>
		<pose>Unspecified</pose>
		<truncated>Unspecified</truncated>
		<difficult>Unspecified</difficult>
		<bndbox>
			<xmin>133</xmin>
			<ymin>179</ymin>
			<xmax>142</xmax>
			<ymax>187</ymax>
		</bndbox>
	</object>
	<object>
		<name>Black Rot</name>
		<pose>Unspecified</pose>
		<truncated>Unspecified</truncated>
		<difficult>Unspecified</difficult>
		<bndbox>
			<xmin>182</xmin>
			<ymin>66</ymin>
			<xmax>198</xmax>
			<ymax>77</ymax>
		</bndbox>
	</object>
	<object>
		<name>Black Rot</name>
		<pose>Unspecified</pose>
		<truncated>Unspecified</truncated>
		<difficult>Unspecified</difficult>
		<bndbox>
			<xmin>186</xmin>
			<ymin>42</ymin>
			<xmax>194</xmax>
			<ymax>63</ymax>
		</bndbox>
	</object>
</annotation>