<annotation>
	<folder>my-project-name</folder>
	<filename>205.JPG</filename>
	<path>/my-project-name/205.JPG</path>
	<source>
		<database>Unspecified</database>
	</source>
	<size>
		<width>256</width>
		<height>256</height>
		<depth>3</depth>
	</size>
	<object>
		<name>Black Rot</name>
		<pose>Unspecified</pose>
		<truncated>Unspecified</truncated>
		<difficult>Unspecified</difficult>
		<bndbox>
			<xmin>125</xmin>
			<ymin>19</ymin>
			<xmax>140</xmax>
			<ymax>30</ymax>
		</bndbox>
	</object>
	<object>
		<name>Black Rot</name>
		<pose>Unspecified</pose>
		<truncated>Unspecified</truncated>
		<difficult>Unspecified</difficult>
		<bndbox>
			<xmin>101</xmin>
			<ymin>206</ymin>
			<xmax>113</xmax>
			<ymax>216</ymax>
		</bndbox>
	</object>
</annotation>