<annotation>
	<folder>my-project-name</folder>
	<filename>222.JPG</filename>
	<path>/my-project-name/222.JPG</path>
	<source>
		<database>Unspecified</database>
	</source>
	<size>
		<width>256</width>
		<height>256</height>
		<depth>3</depth>
	</size>
	<object>
		<name>Black Rot</name>
		<pose>Unspecified</pose>
		<truncated>Unspecified</truncated>
		<difficult>Unspecified</difficult>
		<bndbox>
			<xmin>83</xmin>
			<ymin>162</ymin>
			<xmax>95</xmax>
			<ymax>170</ymax>
		</bndbox>
	</object>
	<object>
		<name>Black Rot</name>
		<pose>Unspecified</pose>
		<truncated>Unspecified</truncated>
		<difficult>Unspecified</difficult>
		<bndbox>
			<xmin>108</xmin>
			<ymin>158</ymin>
			<xmax>123</xmax>
			<ymax>170</ymax>
		</bndbox>
	</object>
</annotation>