<annotation>
	<folder>my-project-name</folder>
	<filename>313.JPG</filename>
	<path>/my-project-name/313.JPG</path>
	<source>
		<database>Unspecified</database>
	</source>
	<size>
		<width>256</width>
		<height>256</height>
		<depth>3</depth>
	</size>
	<object>
		<name>Cedar Apple Rust</name>
		<pose>Unspecified</pose>
		<truncated>Unspecified</truncated>
		<difficult>Unspecified</difficult>
		<bndbox>
			<xmin>80</xmin>
			<ymin>44</ymin>
			<xmax>227</xmax>
			<ymax>109</ymax>
		</bndbox>
	</object>
	<object>
		<name>Cedar Apple Rust</name>
		<pose>Unspecified</pose>
		<truncated>Unspecified</truncated>
		<difficult>Unspecified</difficult>
		<bndbox>
			<xmin>133</xmin>
			<ymin>17</ymin>
			<xmax>176</xmax>
			<ymax>44</ymax>
		</bndbox>
	</object>
	<object>
		<name>Cedar Apple Rust</name>
		<pose>Unspecified</pose>
		<truncated>Unspecified</truncated>
		<difficult>Unspecified</difficult>
		<bndbox>
			<xmin>101</xmin>
			<ymin>32</ymin>
			<xmax>134</xmax>
			<ymax>44</ymax>
		</bndbox>
	</object>
	<object>
		<name>Cedar Apple Rust</name>
		<pose>Unspecified</pose>
		<truncated>Unspecified</truncated>
		<difficult>Unspecified</difficult>
		<bndbox>
			<xmin>45</xmin>
			<ymin>68</ymin>
			<xmax>78</xmax>
			<ymax>106</ymax>
		</bndbox>
	</object>
	<object>
		<name>Cedar Apple Rust</name>
		<pose>Unspecified</pose>
		<truncated>Unspecified</truncated>
		<difficult>Unspecified</difficult>
		<bndbox>
			<xmin>36</xmin>
			<ymin>109</ymin>
			<xmax>87</xmax>
			<ymax>167</ymax>
		</bndbox>
	</object>
	<object>
		<name>Cedar Apple Rust</name>
		<pose>Unspecified</pose>
		<truncated>Unspecified</truncated>
		<difficult>Unspecified</difficult>
		<bndbox>
			<xmin>103</xmin>
			<ymin>113</ymin>
			<xmax>143</xmax>
			<ymax>130</ymax>
		</bndbox>
	</object>
	<object>
		<name>Cedar Apple Rust</name>
		<pose>Unspecified</pose>
		<truncated>Unspecified</truncated>
		<difficult>Unspecified</difficult>
		<bndbox>
			<xmin>165</xmin>
			<ymin>159</ymin>
			<xmax>202</xmax>
			<ymax>173</ymax>
		</bndbox>
	</object>
	<object>
		<name>Cedar Apple Rust</name>
		<pose>Unspecified</pose>
		<truncated>Unspecified</truncated>
		<difficult>Unspecified</difficult>
		<bndbox>
			<xmin>204</xmin>
			<ymin>146</ymin>
			<xmax>232</xmax>
			<ymax>166</ymax>
		</bndbox>
	</object>
	<object>
		<name>Cedar Apple Rust</name>
		<pose>Unspecified</pose>
		<truncated>Unspecified</truncated>
		<difficult>Unspecified</difficult>
		<bndbox>
			<xmin>223</xmin>
			<ymin>125</ymin>
			<xmax>238</xmax>
			<ymax>139</ymax>
		</bndbox>
	</object>
	<object>
		<name>Cedar Apple Rust</name>
		<pose>Unspecified</pose>
		<truncated>Unspecified</truncated>
		<difficult>Unspecified</difficult>
		<bndbox>
			<xmin>177</xmin>
			<ymin>109</ymin>
			<xmax>205</xmax>
			<ymax>125</ymax>
		</bndbox>
	</object>
	<object>
		<name>Cedar Apple Rust</name>
		<pose>Unspecified</pose>
		<truncated>Unspecified</truncated>
		<difficult>Unspecified</difficult>
		<bndbox>
			<xmin>145</xmin>
			<ymin>110</ymin>
			<xmax>175</xmax>
			<ymax>153</ymax>
		</bndbox>
	</object>
	<object>
		<name>Cedar Apple Rust</name>
		<pose>Unspecified</pose>
		<truncated>Unspecified</truncated>
		<difficult>Unspecified</difficult>
		<bndbox>
			<xmin>151</xmin>
			<ymin>186</ymin>
			<xmax>168</xmax>
			<ymax>198</ymax>
		</bndbox>
	</object>
	<object>
		<name>Cedar Apple Rust</name>
		<pose>Unspecified</pose>
		<truncated>Unspecified</truncated>
		<difficult>Unspecified</difficult>
		<bndbox>
			<xmin>178</xmin>
			<ymin>181</ymin>
			<xmax>188</xmax>
			<ymax>190</ymax>
		</bndbox>
	</object>
	<object>
		<name>Cedar Apple Rust</name>
		<pose>Unspecified</pose>
		<truncated>Unspecified</truncated>
		<difficult>Unspecified</difficult>
		<bndbox>
			<xmin>149</xmin>
			<ymin>170</ymin>
			<xmax>158</xmax>
			<ymax>179</ymax>
		</bndbox>
	</object>
	<object>
		<name>Cedar Apple Rust</name>
		<pose>Unspecified</pose>
		<truncated>Unspecified</truncated>
		<difficult>Unspecified</difficult>
		<bndbox>
			<xmin>126</xmin>
			<ymin>145</ymin>
			<xmax>148</xmax>
			<ymax>164</ymax>
		</bndbox>
	</object>
	<object>
		<name>Cedar Apple Rust</name>
		<pose>Unspecified</pose>
		<truncated>Unspecified</truncated>
		<difficult>Unspecified</difficult>
		<bndbox>
			<xmin>95</xmin>
			<ymin>168</ymin>
			<xmax>123</xmax>
			<ymax>179</ymax>
		</bndbox>
	</object>
	<object>
		<name>Cedar Apple Rust</name>
		<pose>Unspecified</pose>
		<truncated>Unspecified</truncated>
		<difficult>Unspecified</difficult>
		<bndbox>
			<xmin>94</xmin>
			<ymin>197</ymin>
			<xmax>106</xmax>
			<ymax>205</ymax>
		</bndbox>
	</object>
	<object>
		<name>Cedar Apple Rust</name>
		<pose>Unspecified</pose>
		<truncated>Unspecified</truncated>
		<difficult>Unspecified</difficult>
		<bndbox>
			<xmin>96</xmin>
			<ymin>221</ymin>
			<xmax>116</xmax>
			<ymax>230</ymax>
		</bndbox>
	</object>
	<object>
		<name>Cedar Apple Rust</name>
		<pose>Unspecified</pose>
		<truncated>Unspecified</truncated>
		<difficult>Unspecified</difficult>
		<bndbox>
			<xmin>151</xmin>
			<ymin>200</ymin>
			<xmax>174</xmax>
			<ymax>221</ymax>
		</bndbox>
	</object>
	<object>
		<name>Cedar Apple Rust</name>
		<pose>Unspecified</pose>
		<truncated>Unspecified</truncated>
		<difficult>Unspecified</difficult>
		<bndbox>
			<xmin>174</xmin>
			<ymin>196</ymin>
			<xmax>190</xmax>
			<ymax>207</ymax>
		</bndbox>
	</object>
	<object>
		<name>Cedar Apple Rust</name>
		<pose>Unspecified</pose>
		<truncated>Unspecified</truncated>
		<difficult>Unspecified</difficult>
		<bndbox>
			<xmin>38</xmin>
			<ymin>191</ymin>
			<xmax>47</xmax>
			<ymax>199</ymax>
		</bndbox>
	</object>
</annotation>