<annotation>
	<folder>my-project-name</folder>
	<filename>34.JPG</filename>
	<path>/my-project-name/34.JPG</path>
	<source>
		<database>Unspecified</database>
	</source>
	<size>
		<width>256</width>
		<height>256</height>
		<depth>3</depth>
	</size>
	<object>
		<name>Black Rot</name>
		<pose>Unspecified</pose>
		<truncated>Unspecified</truncated>
		<difficult>Unspecified</difficult>
		<bndbox>
			<xmin>79</xmin>
			<ymin>15</ymin>
			<xmax>152</xmax>
			<ymax>43</ymax>
		</bndbox>
	</object>
	<object>
		<name>Black Rot</name>
		<pose>Unspecified</pose>
		<truncated>Unspecified</truncated>
		<difficult>Unspecified</difficult>
		<bndbox>
			<xmin>187</xmin>
			<ymin>140</ymin>
			<xmax>204</xmax>
			<ymax>153</ymax>
		</bndbox>
	</object>
	<object>
		<name>Black Rot</name>
		<pose>Unspecified</pose>
		<truncated>Unspecified</truncated>
		<difficult>Unspecified</difficult>
		<bndbox>
			<xmin>74</xmin>
			<ymin>221</ymin>
			<xmax>82</xmax>
			<ymax>230</ymax>
		</bndbox>
	</object>
	<object>
		<name>Black Rot</name>
		<pose>Unspecified</pose>
		<truncated>Unspecified</truncated>
		<difficult>Unspecified</difficult>
		<bndbox>
			<xmin>28</xmin>
			<ymin>81</ymin>
			<xmax>38</xmax>
			<ymax>96</ymax>
		</bndbox>
	</object>
</annotation>