<annotation>
	<folder>my-project-name</folder>
	<filename>35.JPG</filename>
	<path>/my-project-name/35.JPG</path>
	<source>
		<database>Unspecified</database>
	</source>
	<size>
		<width>256</width>
		<height>256</height>
		<depth>3</depth>
	</size>
	<object>
		<name>Black Rot</name>
		<pose>Unspecified</pose>
		<truncated>Unspecified</truncated>
		<difficult>Unspecified</difficult>
		<bndbox>
			<xmin>21</xmin>
			<ymin>105</ymin>
			<xmax>59</xmax>
			<ymax>129</ymax>
		</bndbox>
	</object>
	<object>
		<name>Black Rot</name>
		<pose>Unspecified</pose>
		<truncated>Unspecified</truncated>
		<difficult>Unspecified</difficult>
		<bndbox>
			<xmin>104</xmin>
			<ymin>165</ymin>
			<xmax>117</xmax>
			<ymax>173</ymax>
		</bndbox>
	</object>
</annotation>