<annotation>
	<folder>my-project-name</folder>
	<filename>4.JPG</filename>
	<path>/my-project-name/4.JPG</path>
	<source>
		<database>Unspecified</database>
	</source>
	<size>
		<width>256</width>
		<height>256</height>
		<depth>3</depth>
	</size>
	<object>
		<name>Black Rot</name>
		<pose>Unspecified</pose>
		<truncated>Unspecified</truncated>
		<difficult>Unspecified</difficult>
		<bndbox>
			<xmin>53</xmin>
			<ymin>63</ymin>
			<xmax>86</xmax>
			<ymax>91</ymax>
		</bndbox>
	</object>
	<object>
		<name>Black Rot</name>
		<pose>Unspecified</pose>
		<truncated>Unspecified</truncated>
		<difficult>Unspecified</difficult>
		<bndbox>
			<xmin>59</xmin>
			<ymin>36</ymin>
			<xmax>88</xmax>
			<ymax>63</ymax>
		</bndbox>
	</object>
</annotation>