<annotation>
	<folder>my-project-name</folder>
	<filename>41.JPG</filename>
	<path>/my-project-name/41.JPG</path>
	<source>
		<database>Unspecified</database>
	</source>
	<size>
		<width>256</width>
		<height>256</height>
		<depth>3</depth>
	</size>
	<object>
		<name>Black Rot</name>
		<pose>Unspecified</pose>
		<truncated>Unspecified</truncated>
		<difficult>Unspecified</difficult>
		<bndbox>
			<xmin>106</xmin>
			<ymin>18</ymin>
			<xmax>153</xmax>
			<ymax>50</ymax>
		</bndbox>
	</object>
</annotation>