<annotation>
	<folder>my-project-name</folder>
	<filename>433.JPG</filename>
	<path>/my-project-name/433.JPG</path>
	<source>
		<database>Unspecified</database>
	</source>
	<size>
		<width>256</width>
		<height>256</height>
		<depth>3</depth>
	</size>
	<object>
		<name>Cedar Apple Rust</name>
		<pose>Unspecified</pose>
		<truncated>Unspecified</truncated>
		<difficult>Unspecified</difficult>
		<bndbox>
			<xmin>113</xmin>
			<ymin>52</ymin>
			<xmax>128</xmax>
			<ymax>67</ymax>
		</bndbox>
	</object>
	<object>
		<name>Cedar Apple Rust</name>
		<pose>Unspecified</pose>
		<truncated>Unspecified</truncated>
		<difficult>Unspecified</difficult>
		<bndbox>
			<xmin>81</xmin>
			<ymin>90</ymin>
			<xmax>92</xmax>
			<ymax>102</ymax>
		</bndbox>
	</object>
	<object>
		<name>Cedar Apple Rust</name>
		<pose>Unspecified</pose>
		<truncated>Unspecified</truncated>
		<difficult>Unspecified</difficult>
		<bndbox>
			<xmin>71</xmin>
			<ymin>97</ymin>
			<xmax>80</xmax>
			<ymax>106</ymax>
		</bndbox>
	</object>
	<object>
		<name>Cedar Apple Rust</name>
		<pose>Unspecified</pose>
		<truncated>Unspecified</truncated>
		<difficult>Unspecified</difficult>
		<bndbox>
			<xmin>111</xmin>
			<ymin>134</ymin>
			<xmax>124</xmax>
			<ymax>144</ymax>
		</bndbox>
	</object>
	<object>
		<name>Cedar Apple Rust</name>
		<pose>Unspecified</pose>
		<truncated>Unspecified</truncated>
		<difficult>Unspecified</difficult>
		<bndbox>
			<xmin>112</xmin>
			<ymin>159</ymin>
			<xmax>128</xmax>
			<ymax>170</ymax>
		</bndbox>
	</object>
	<object>
		<name>Cedar Apple Rust</name>
		<pose>Unspecified</pose>
		<truncated>Unspecified</truncated>
		<difficult>Unspecified</difficult>
		<bndbox>
			<xmin>50</xmin>
			<ymin>160</ymin>
			<xmax>63</xmax>
			<ymax>168</ymax>
		</bndbox>
	</object>
	<object>
		<name>Cedar Apple Rust</name>
		<pose>Unspecified</pose>
		<truncated>Unspecified</truncated>
		<difficult>Unspecified</difficult>
		<bndbox>
			<xmin>29</xmin>
			<ymin>191</ymin>
			<xmax>39</xmax>
			<ymax>198</ymax>
		</bndbox>
	</object>
	<object>
		<name>Cedar Apple Rust</name>
		<pose>Unspecified</pose>
		<truncated>Unspecified</truncated>
		<difficult>Unspecified</difficult>
		<bndbox>
			<xmin>175</xmin>
			<ymin>27</ymin>
			<xmax>222</xmax>
			<ymax>50</ymax>
		</bndbox>
	</object>
</annotation>