<annotation>
	<folder>my-project-name</folder>
	<filename>456.JPG</filename>
	<path>/my-project-name/456.JPG</path>
	<source>
		<database>Unspecified</database>
	</source>
	<size>
		<width>256</width>
		<height>256</height>
		<depth>3</depth>
	</size>
	<object>
		<name>Cedar Apple Rust</name>
		<pose>Unspecified</pose>
		<truncated>Unspecified</truncated>
		<difficult>Unspecified</difficult>
		<bndbox>
			<xmin>133</xmin>
			<ymin>38</ymin>
			<xmax>146</xmax>
			<ymax>50</ymax>
		</bndbox>
	</object>
	<object>
		<name>Cedar Apple Rust</name>
		<pose>Unspecified</pose>
		<truncated>Unspecified</truncated>
		<difficult>Unspecified</difficult>
		<bndbox>
			<xmin>135</xmin>
			<ymin>61</ymin>
			<xmax>149</xmax>
			<ymax>68</ymax>
		</bndbox>
	</object>
	<object>
		<name>Cedar Apple Rust</name>
		<pose>Unspecified</pose>
		<truncated>Unspecified</truncated>
		<difficult>Unspecified</difficult>
		<bndbox>
			<xmin>126</xmin>
			<ymin>69</ymin>
			<xmax>147</xmax>
			<ymax>82</ymax>
		</bndbox>
	</object>
	<object>
		<name>Cedar Apple Rust</name>
		<pose>Unspecified</pose>
		<truncated>Unspecified</truncated>
		<difficult>Unspecified</difficult>
		<bndbox>
			<xmin>131</xmin>
			<ymin>86</ymin>
			<xmax>144</xmax>
			<ymax>96</ymax>
		</bndbox>
	</object>
	<object>
		<name>Cedar Apple Rust</name>
		<pose>Unspecified</pose>
		<truncated>Unspecified</truncated>
		<difficult>Unspecified</difficult>
		<bndbox>
			<xmin>156</xmin>
			<ymin>79</ymin>
			<xmax>164</xmax>
			<ymax>85</ymax>
		</bndbox>
	</object>
	<object>
		<name>Cedar Apple Rust</name>
		<pose>Unspecified</pose>
		<truncated>Unspecified</truncated>
		<difficult>Unspecified</difficult>
		<bndbox>
			<xmin>150</xmin>
			<ymin>105</ymin>
			<xmax>165</xmax>
			<ymax>116</ymax>
		</bndbox>
	</object>
	<object>
		<name>Cedar Apple Rust</name>
		<pose>Unspecified</pose>
		<truncated>Unspecified</truncated>
		<difficult>Unspecified</difficult>
		<bndbox>
			<xmin>175</xmin>
			<ymin>108</ymin>
			<xmax>192</xmax>
			<ymax>117</ymax>
		</bndbox>
	</object>
	<object>
		<name>Cedar Apple Rust</name>
		<pose>Unspecified</pose>
		<truncated>Unspecified</truncated>
		<difficult>Unspecified</difficult>
		<bndbox>
			<xmin>170</xmin>
			<ymin>118</ymin>
			<xmax>182</xmax>
			<ymax>127</ymax>
		</bndbox>
	</object>
	<object>
		<name>Cedar Apple Rust</name>
		<pose>Unspecified</pose>
		<truncated>Unspecified</truncated>
		<difficult>Unspecified</difficult>
		<bndbox>
			<xmin>127</xmin>
			<ymin>113</ymin>
			<xmax>137</xmax>
			<ymax>120</ymax>
		</bndbox>
	</object>
	<object>
		<name>Cedar Apple Rust</name>
		<pose>Unspecified</pose>
		<truncated>Unspecified</truncated>
		<difficult>Unspecified</difficult>
		<bndbox>
			<xmin>180</xmin>
			<ymin>129</ymin>
			<xmax>206</xmax>
			<ymax>145</ymax>
		</bndbox>
	</object>
	<object>
		<name>Cedar Apple Rust</name>
		<pose>Unspecified</pose>
		<truncated>Unspecified</truncated>
		<difficult>Unspecified</difficult>
		<bndbox>
			<xmin>162</xmin>
			<ymin>139</ymin>
			<xmax>171</xmax>
			<ymax>149</ymax>
		</bndbox>
	</object>
	<object>
		<name>Cedar Apple Rust</name>
		<pose>Unspecified</pose>
		<truncated>Unspecified</truncated>
		<difficult>Unspecified</difficult>
		<bndbox>
			<xmin>182</xmin>
			<ymin>88</ymin>
			<xmax>193</xmax>
			<ymax>97</ymax>
		</bndbox>
	</object>
	<object>
		<name>Cedar Apple Rust</name>
		<pose>Unspecified</pose>
		<truncated>Unspecified</truncated>
		<difficult>Unspecified</difficult>
		<bndbox>
			<xmin>62</xmin>
			<ymin>56</ymin>
			<xmax>76</xmax>
			<ymax>66</ymax>
		</bndbox>
	</object>
	<object>
		<name>Cedar Apple Rust</name>
		<pose>Unspecified</pose>
		<truncated>Unspecified</truncated>
		<difficult>Unspecified</difficult>
		<bndbox>
			<xmin>97</xmin>
			<ymin>66</ymin>
			<xmax>109</xmax>
			<ymax>73</ymax>
		</bndbox>
	</object>
	<object>
		<name>Cedar Apple Rust</name>
		<pose>Unspecified</pose>
		<truncated>Unspecified</truncated>
		<difficult>Unspecified</difficult>
		<bndbox>
			<xmin>81</xmin>
			<ymin>61</ymin>
			<xmax>93</xmax>
			<ymax>69</ymax>
		</bndbox>
	</object>
	<object>
		<name>Cedar Apple Rust</name>
		<pose>Unspecified</pose>
		<truncated>Unspecified</truncated>
		<difficult>Unspecified</difficult>
		<bndbox>
			<xmin>46</xmin>
			<ymin>70</ymin>
			<xmax>58</xmax>
			<ymax>77</ymax>
		</bndbox>
	</object>
	<object>
		<name>Cedar Apple Rust</name>
		<pose>Unspecified</pose>
		<truncated>Unspecified</truncated>
		<difficult>Unspecified</difficult>
		<bndbox>
			<xmin>41</xmin>
			<ymin>116</ymin>
			<xmax>67</xmax>
			<ymax>128</ymax>
		</bndbox>
	</object>
	<object>
		<name>Cedar Apple Rust</name>
		<pose>Unspecified</pose>
		<truncated>Unspecified</truncated>
		<difficult>Unspecified</difficult>
		<bndbox>
			<xmin>41</xmin>
			<ymin>133</ymin>
			<xmax>79</xmax>
			<ymax>151</ymax>
		</bndbox>
	</object>
	<object>
		<name>Cedar Apple Rust</name>
		<pose>Unspecified</pose>
		<truncated>Unspecified</truncated>
		<difficult>Unspecified</difficult>
		<bndbox>
			<xmin>42</xmin>
			<ymin>152</ymin>
			<xmax>65</xmax>
			<ymax>166</ymax>
		</bndbox>
	</object>
	<object>
		<name>Cedar Apple Rust</name>
		<pose>Unspecified</pose>
		<truncated>Unspecified</truncated>
		<difficult>Unspecified</difficult>
		<bndbox>
			<xmin>53</xmin>
			<ymin>173</ymin>
			<xmax>73</xmax>
			<ymax>191</ymax>
		</bndbox>
	</object>
	<object>
		<name>Cedar Apple Rust</name>
		<pose>Unspecified</pose>
		<truncated>Unspecified</truncated>
		<difficult>Unspecified</difficult>
		<bndbox>
			<xmin>142</xmin>
			<ymin>173</ymin>
			<xmax>164</xmax>
			<ymax>188</ymax>
		</bndbox>
	</object>
	<object>
		<name>Cedar Apple Rust</name>
		<pose>Unspecified</pose>
		<truncated>Unspecified</truncated>
		<difficult>Unspecified</difficult>
		<bndbox>
			<xmin>148</xmin>
			<ymin>198</ymin>
			<xmax>163</xmax>
			<ymax>215</ymax>
		</bndbox>
	</object>
	<object>
		<name>Cedar Apple Rust</name>
		<pose>Unspecified</pose>
		<truncated>Unspecified</truncated>
		<difficult>Unspecified</difficult>
		<bndbox>
			<xmin>104</xmin>
			<ymin>207</ymin>
			<xmax>112</xmax>
			<ymax>212</ymax>
		</bndbox>
	</object>
	<object>
		<name>Cedar Apple Rust</name>
		<pose>Unspecified</pose>
		<truncated>Unspecified</truncated>
		<difficult>Unspecified</difficult>
		<bndbox>
			<xmin>79</xmin>
			<ymin>198</ymin>
			<xmax>88</xmax>
			<ymax>207</ymax>
		</bndbox>
	</object>
	<object>
		<name>Cedar Apple Rust</name>
		<pose>Unspecified</pose>
		<truncated>Unspecified</truncated>
		<difficult>Unspecified</difficult>
		<bndbox>
			<xmin>76</xmin>
			<ymin>90</ymin>
			<xmax>82</xmax>
			<ymax>95</ymax>
		</bndbox>
	</object>
	<object>
		<name>Cedar Apple Rust</name>
		<pose>Unspecified</pose>
		<truncated>Unspecified</truncated>
		<difficult>Unspecified</difficult>
		<bndbox>
			<xmin>181</xmin>
			<ymin>167</ymin>
			<xmax>189</xmax>
			<ymax>175</ymax>
		</bndbox>
	</object>
	<object>
		<name>Cedar Apple Rust</name>
		<pose>Unspecified</pose>
		<truncated>Unspecified</truncated>
		<difficult>Unspecified</difficult>
		<bndbox>
			<xmin>202</xmin>
			<ymin>154</ymin>
			<xmax>211</xmax>
			<ymax>164</ymax>
		</bndbox>
	</object>
</annotation>