<annotation>
	<folder>my-project-name</folder>
	<filename>475.JPG</filename>
	<path>/my-project-name/475.JPG</path>
	<source>
		<database>Unspecified</database>
	</source>
	<size>
		<width>256</width>
		<height>256</height>
		<depth>3</depth>
	</size>
	<object>
		<name>Cedar Apple Rust</name>
		<pose>Unspecified</pose>
		<truncated>Unspecified</truncated>
		<difficult>Unspecified</difficult>
		<bndbox>
			<xmin>111</xmin>
			<ymin>58</ymin>
			<xmax>133</xmax>
			<ymax>67</ymax>
		</bndbox>
	</object>
	<object>
		<name>Cedar Apple Rust</name>
		<pose>Unspecified</pose>
		<truncated>Unspecified</truncated>
		<difficult>Unspecified</difficult>
		<bndbox>
			<xmin>92</xmin>
			<ymin>69</ymin>
			<xmax>103</xmax>
			<ymax>76</ymax>
		</bndbox>
	</object>
	<object>
		<name>Cedar Apple Rust</name>
		<pose>Unspecified</pose>
		<truncated>Unspecified</truncated>
		<difficult>Unspecified</difficult>
		<bndbox>
			<xmin>115</xmin>
			<ymin>76</ymin>
			<xmax>129</xmax>
			<ymax>84</ymax>
		</bndbox>
	</object>
	<object>
		<name>Cedar Apple Rust</name>
		<pose>Unspecified</pose>
		<truncated>Unspecified</truncated>
		<difficult>Unspecified</difficult>
		<bndbox>
			<xmin>132</xmin>
			<ymin>86</ymin>
			<xmax>142</xmax>
			<ymax>102</ymax>
		</bndbox>
	</object>
	<object>
		<name>Cedar Apple Rust</name>
		<pose>Unspecified</pose>
		<truncated>Unspecified</truncated>
		<difficult>Unspecified</difficult>
		<bndbox>
			<xmin>147</xmin>
			<ymin>98</ymin>
			<xmax>160</xmax>
			<ymax>106</ymax>
		</bndbox>
	</object>
	<object>
		<name>Cedar Apple Rust</name>
		<pose>Unspecified</pose>
		<truncated>Unspecified</truncated>
		<difficult>Unspecified</difficult>
		<bndbox>
			<xmin>126</xmin>
			<ymin>118</ymin>
			<xmax>153</xmax>
			<ymax>142</ymax>
		</bndbox>
	</object>
	<object>
		<name>Cedar Apple Rust</name>
		<pose>Unspecified</pose>
		<truncated>Unspecified</truncated>
		<difficult>Unspecified</difficult>
		<bndbox>
			<xmin>130</xmin>
			<ymin>108</ymin>
			<xmax>136</xmax>
			<ymax>116</ymax>
		</bndbox>
	</object>
	<object>
		<name>Cedar Apple Rust</name>
		<pose>Unspecified</pose>
		<truncated>Unspecified</truncated>
		<difficult>Unspecified</difficult>
		<bndbox>
			<xmin>100</xmin>
			<ymin>101</ymin>
			<xmax>114</xmax>
			<ymax>110</ymax>
		</bndbox>
	</object>
	<object>
		<name>Cedar Apple Rust</name>
		<pose>Unspecified</pose>
		<truncated>Unspecified</truncated>
		<difficult>Unspecified</difficult>
		<bndbox>
			<xmin>108</xmin>
			<ymin>142</ymin>
			<xmax>116</xmax>
			<ymax>149</ymax>
		</bndbox>
	</object>
	<object>
		<name>Cedar Apple Rust</name>
		<pose>Unspecified</pose>
		<truncated>Unspecified</truncated>
		<difficult>Unspecified</difficult>
		<bndbox>
			<xmin>130</xmin>
			<ymin>152</ymin>
			<xmax>139</xmax>
			<ymax>160</ymax>
		</bndbox>
	</object>
	<object>
		<name>Cedar Apple Rust</name>
		<pose>Unspecified</pose>
		<truncated>Unspecified</truncated>
		<difficult>Unspecified</difficult>
		<bndbox>
			<xmin>157</xmin>
			<ymin>138</ymin>
			<xmax>165</xmax>
			<ymax>151</ymax>
		</bndbox>
	</object>
	<object>
		<name>Cedar Apple Rust</name>
		<pose>Unspecified</pose>
		<truncated>Unspecified</truncated>
		<difficult>Unspecified</difficult>
		<bndbox>
			<xmin>183</xmin>
			<ymin>118</ymin>
			<xmax>188</xmax>
			<ymax>125</ymax>
		</bndbox>
	</object>
	<object>
		<name>Cedar Apple Rust</name>
		<pose>Unspecified</pose>
		<truncated>Unspecified</truncated>
		<difficult>Unspecified</difficult>
		<bndbox>
			<xmin>153</xmin>
			<ymin>114</ymin>
			<xmax>160</xmax>
			<ymax>120</ymax>
		</bndbox>
	</object>
	<object>
		<name>Cedar Apple Rust</name>
		<pose>Unspecified</pose>
		<truncated>Unspecified</truncated>
		<difficult>Unspecified</difficult>
		<bndbox>
			<xmin>169</xmin>
			<ymin>160</ymin>
			<xmax>176</xmax>
			<ymax>166</ymax>
		</bndbox>
	</object>
	<object>
		<name>Cedar Apple Rust</name>
		<pose>Unspecified</pose>
		<truncated>Unspecified</truncated>
		<difficult>Unspecified</difficult>
		<bndbox>
			<xmin>155</xmin>
			<ymin>166</ymin>
			<xmax>163</xmax>
			<ymax>176</ymax>
		</bndbox>
	</object>
	<object>
		<name>Cedar Apple Rust</name>
		<pose>Unspecified</pose>
		<truncated>Unspecified</truncated>
		<difficult>Unspecified</difficult>
		<bndbox>
			<xmin>157</xmin>
			<ymin>182</ymin>
			<xmax>160</xmax>
			<ymax>191</ymax>
		</bndbox>
	</object>
	<object>
		<name>Cedar Apple Rust</name>
		<pose>Unspecified</pose>
		<truncated>Unspecified</truncated>
		<difficult>Unspecified</difficult>
		<bndbox>
			<xmin>145</xmin>
			<ymin>193</ymin>
			<xmax>150</xmax>
			<ymax>201</ymax>
		</bndbox>
	</object>
	<object>
		<name>Cedar Apple Rust</name>
		<pose>Unspecified</pose>
		<truncated>Unspecified</truncated>
		<difficult>Unspecified</difficult>
		<bndbox>
			<xmin>173</xmin>
			<ymin>189</ymin>
			<xmax>180</xmax>
			<ymax>195</ymax>
		</bndbox>
	</object>
</annotation>