<annotation>
	<folder>my-project-name</folder>
	<filename>500.JPG</filename>
	<path>/my-project-name/500.JPG</path>
	<source>
		<database>Unspecified</database>
	</source>
	<size>
		<width>256</width>
		<height>256</height>
		<depth>3</depth>
	</size>
	<object>
		<name>Cedar Apple Rust</name>
		<pose>Unspecified</pose>
		<truncated>Unspecified</truncated>
		<difficult>Unspecified</difficult>
		<bndbox>
			<xmin>105</xmin>
			<ymin>138</ymin>
			<xmax>134</xmax>
			<ymax>155</ymax>
		</bndbox>
	</object>
	<object>
		<name>Cedar Apple Rust</name>
		<pose>Unspecified</pose>
		<truncated>Unspecified</truncated>
		<difficult>Unspecified</difficult>
		<bndbox>
			<xmin>109</xmin>
			<ymin>124</ymin>
			<xmax>132</xmax>
			<ymax>131</ymax>
		</bndbox>
	</object>
	<object>
		<name>Cedar Apple Rust</name>
		<pose>Unspecified</pose>
		<truncated>Unspecified</truncated>
		<difficult>Unspecified</difficult>
		<bndbox>
			<xmin>146</xmin>
			<ymin>165</ymin>
			<xmax>159</xmax>
			<ymax>173</ymax>
		</bndbox>
	</object>
	<object>
		<name>Cedar Apple Rust</name>
		<pose>Unspecified</pose>
		<truncated>Unspecified</truncated>
		<difficult>Unspecified</difficult>
		<bndbox>
			<xmin>105</xmin>
			<ymin>167</ymin>
			<xmax>121</xmax>
			<ymax>175</ymax>
		</bndbox>
	</object>
	<object>
		<name>Cedar Apple Rust</name>
		<pose>Unspecified</pose>
		<truncated>Unspecified</truncated>
		<difficult>Unspecified</difficult>
		<bndbox>
			<xmin>132</xmin>
			<ymin>165</ymin>
			<xmax>138</xmax>
			<ymax>171</ymax>
		</bndbox>
	</object>
	<object>
		<name>Cedar Apple Rust</name>
		<pose>Unspecified</pose>
		<truncated>Unspecified</truncated>
		<difficult>Unspecified</difficult>
		<bndbox>
			<xmin>135</xmin>
			<ymin>153</ymin>
			<xmax>141</xmax>
			<ymax>159</ymax>
		</bndbox>
	</object>
	<object>
		<name>Cedar Apple Rust</name>
		<pose>Unspecified</pose>
		<truncated>Unspecified</truncated>
		<difficult>Unspecified</difficult>
		<bndbox>
			<xmin>76</xmin>
			<ymin>94</ymin>
			<xmax>102</xmax>
			<ymax>114</ymax>
		</bndbox>
	</object>
	<object>
		<name>Cedar Apple Rust</name>
		<pose>Unspecified</pose>
		<truncated>Unspecified</truncated>
		<difficult>Unspecified</difficult>
		<bndbox>
			<xmin>108</xmin>
			<ymin>62</ymin>
			<xmax>134</xmax>
			<ymax>84</ymax>
		</bndbox>
	</object>
	<object>
		<name>Cedar Apple Rust</name>
		<pose>Unspecified</pose>
		<truncated>Unspecified</truncated>
		<difficult>Unspecified</difficult>
		<bndbox>
			<xmin>92</xmin>
			<ymin>85</ymin>
			<xmax>111</xmax>
			<ymax>95</ymax>
		</bndbox>
	</object>
	<object>
		<name>Cedar Apple Rust</name>
		<pose>Unspecified</pose>
		<truncated>Unspecified</truncated>
		<difficult>Unspecified</difficult>
		<bndbox>
			<xmin>123</xmin>
			<ymin>88</ymin>
			<xmax>130</xmax>
			<ymax>94</ymax>
		</bndbox>
	</object>
	<object>
		<name>Cedar Apple Rust</name>
		<pose>Unspecified</pose>
		<truncated>Unspecified</truncated>
		<difficult>Unspecified</difficult>
		<bndbox>
			<xmin>123</xmin>
			<ymin>100</ymin>
			<xmax>128</xmax>
			<ymax>106</ymax>
		</bndbox>
	</object>
	<object>
		<name>Cedar Apple Rust</name>
		<pose>Unspecified</pose>
		<truncated>Unspecified</truncated>
		<difficult>Unspecified</difficult>
		<bndbox>
			<xmin>105</xmin>
			<ymin>108</ymin>
			<xmax>114</xmax>
			<ymax>115</ymax>
		</bndbox>
	</object>
	<object>
		<name>Cedar Apple Rust</name>
		<pose>Unspecified</pose>
		<truncated>Unspecified</truncated>
		<difficult>Unspecified</difficult>
		<bndbox>
			<xmin>68</xmin>
			<ymin>122</ymin>
			<xmax>96</xmax>
			<ymax>147</ymax>
		</bndbox>
	</object>
	<object>
		<name>Cedar Apple Rust</name>
		<pose>Unspecified</pose>
		<truncated>Unspecified</truncated>
		<difficult>Unspecified</difficult>
		<bndbox>
			<xmin>169</xmin>
			<ymin>77</ymin>
			<xmax>179</xmax>
			<ymax>88</ymax>
		</bndbox>
	</object>
	<object>
		<name>Cedar Apple Rust</name>
		<pose>Unspecified</pose>
		<truncated>Unspecified</truncated>
		<difficult>Unspecified</difficult>
		<bndbox>
			<xmin>148</xmin>
			<ymin>197</ymin>
			<xmax>156</xmax>
			<ymax>207</ymax>
		</bndbox>
	</object>
	<object>
		<name>Cedar Apple Rust</name>
		<pose>Unspecified</pose>
		<truncated>Unspecified</truncated>
		<difficult>Unspecified</difficult>
		<bndbox>
			<xmin>125</xmin>
			<ymin>183</ymin>
			<xmax>135</xmax>
			<ymax>188</ymax>
		</bndbox>
	</object>
	<object>
		<name>Cedar Apple Rust</name>
		<pose>Unspecified</pose>
		<truncated>Unspecified</truncated>
		<difficult>Unspecified</difficult>
		<bndbox>
			<xmin>63</xmin>
			<ymin>153</ymin>
			<xmax>89</xmax>
			<ymax>177</ymax>
		</bndbox>
	</object>
	<object>
		<name>Cedar Apple Rust</name>
		<pose>Unspecified</pose>
		<truncated>Unspecified</truncated>
		<difficult>Unspecified</difficult>
		<bndbox>
			<xmin>94</xmin>
			<ymin>180</ymin>
			<xmax>120</xmax>
			<ymax>223</ymax>
		</bndbox>
	</object>
	<object>
		<name>Cedar Apple Rust</name>
		<pose>Unspecified</pose>
		<truncated>Unspecified</truncated>
		<difficult>Unspecified</difficult>
		<bndbox>
			<xmin>165</xmin>
			<ymin>191</ymin>
			<xmax>190</xmax>
			<ymax>206</ymax>
		</bndbox>
	</object>
	<object>
		<name>Cedar Apple Rust</name>
		<pose>Unspecified</pose>
		<truncated>Unspecified</truncated>
		<difficult>Unspecified</difficult>
		<bndbox>
			<xmin>135</xmin>
			<ymin>98</ymin>
			<xmax>143</xmax>
			<ymax>105</ymax>
		</bndbox>
	</object>
	<object>
		<name>Cedar Apple Rust</name>
		<pose>Unspecified</pose>
		<truncated>Unspecified</truncated>
		<difficult>Unspecified</difficult>
		<bndbox>
			<xmin>172</xmin>
			<ymin>50</ymin>
			<xmax>182</xmax>
			<ymax>58</ymax>
		</bndbox>
	</object>
	<object>
		<name>Cedar Apple Rust</name>
		<pose>Unspecified</pose>
		<truncated>Unspecified</truncated>
		<difficult>Unspecified</difficult>
		<bndbox>
			<xmin>162</xmin>
			<ymin>214</ymin>
			<xmax>170</xmax>
			<ymax>222</ymax>
		</bndbox>
	</object>
	<object>
		<name>Cedar Apple Rust</name>
		<pose>Unspecified</pose>
		<truncated>Unspecified</truncated>
		<difficult>Unspecified</difficult>
		<bndbox>
			<xmin>120</xmin>
			<ymin>220</ymin>
			<xmax>129</xmax>
			<ymax>227</ymax>
		</bndbox>
	</object>
	<object>
		<name>Cedar Apple Rust</name>
		<pose>Unspecified</pose>
		<truncated>Unspecified</truncated>
		<difficult>Unspecified</difficult>
		<bndbox>
			<xmin>167</xmin>
			<ymin>174</ymin>
			<xmax>182</xmax>
			<ymax>183</ymax>
		</bndbox>
	</object>
</annotation>