<annotation>
	<folder>my-project-name</folder>
	<filename>568.JPG</filename>
	<path>/my-project-name/568.JPG</path>
	<source>
		<database>Unspecified</database>
	</source>
	<size>
		<width>256</width>
		<height>256</height>
		<depth>3</depth>
	</size>
	<object>
		<name>Apple Scab</name>
		<pose>Unspecified</pose>
		<truncated>Unspecified</truncated>
		<difficult>Unspecified</difficult>
		<bndbox>
			<xmin>166</xmin>
			<ymin>132</ymin>
			<xmax>201</xmax>
			<ymax>177</ymax>
		</bndbox>
	</object>
	<object>
		<name>Apple Scab</name>
		<pose>Unspecified</pose>
		<truncated>Unspecified</truncated>
		<difficult>Unspecified</difficult>
		<bndbox>
			<xmin>133</xmin>
			<ymin>187</ymin>
			<xmax>170</xmax>
			<ymax>216</ymax>
		</bndbox>
	</object>
	<object>
		<name>Apple Scab</name>
		<pose>Unspecified</pose>
		<truncated>Unspecified</truncated>
		<difficult>Unspecified</difficult>
		<bndbox>
			<xmin>153</xmin>
			<ymin>103</ymin>
			<xmax>190</xmax>
			<ymax>134</ymax>
		</bndbox>
	</object>
	<object>
		<name>Apple Scab</name>
		<pose>Unspecified</pose>
		<truncated>Unspecified</truncated>
		<difficult>Unspecified</difficult>
		<bndbox>
			<xmin>186</xmin>
			<ymin>79</ymin>
			<xmax>209</xmax>
			<ymax>98</ymax>
		</bndbox>
	</object>
	<object>
		<name>Apple Scab</name>
		<pose>Unspecified</pose>
		<truncated>Unspecified</truncated>
		<difficult>Unspecified</difficult>
		<bndbox>
			<xmin>190</xmin>
			<ymin>5</ymin>
			<xmax>211</xmax>
			<ymax>70</ymax>
		</bndbox>
	</object>
	<object>
		<name>Apple Scab</name>
		<pose>Unspecified</pose>
		<truncated>Unspecified</truncated>
		<difficult>Unspecified</difficult>
		<bndbox>
			<xmin>213</xmin>
			<ymin>87</ymin>
			<xmax>220</xmax>
			<ymax>104</ymax>
		</bndbox>
	</object>
</annotation>