<annotation>
	<folder>my-project-name</folder>
	<filename>569.JPG</filename>
	<path>/my-project-name/569.JPG</path>
	<source>
		<database>Unspecified</database>
	</source>
	<size>
		<width>256</width>
		<height>256</height>
		<depth>3</depth>
	</size>
	<object>
		<name>Apple Scab</name>
		<pose>Unspecified</pose>
		<truncated>Unspecified</truncated>
		<difficult>Unspecified</difficult>
		<bndbox>
			<xmin>153</xmin>
			<ymin>61</ymin>
			<xmax>169</xmax>
			<ymax>79</ymax>
		</bndbox>
	</object>
	<object>
		<name>Apple Scab</name>
		<pose>Unspecified</pose>
		<truncated>Unspecified</truncated>
		<difficult>Unspecified</difficult>
		<bndbox>
			<xmin>181</xmin>
			<ymin>46</ymin>
			<xmax>192</xmax>
			<ymax>61</ymax>
		</bndbox>
	</object>
	<object>
		<name>Apple Scab</name>
		<pose>Unspecified</pose>
		<truncated>Unspecified</truncated>
		<difficult>Unspecified</difficult>
		<bndbox>
			<xmin>155</xmin>
			<ymin>37</ymin>
			<xmax>167</xmax>
			<ymax>51</ymax>
		</bndbox>
	</object>
	<object>
		<name>Apple Scab</name>
		<pose>Unspecified</pose>
		<truncated>Unspecified</truncated>
		<difficult>Unspecified</difficult>
		<bndbox>
			<xmin>40</xmin>
			<ymin>119</ymin>
			<xmax>62</xmax>
			<ymax>133</ymax>
		</bndbox>
	</object>
</annotation>