<annotation>
	<folder>my-project-name</folder>
	<filename>584.JPG</filename>
	<path>/my-project-name/584.JPG</path>
	<source>
		<database>Unspecified</database>
	</source>
	<size>
		<width>256</width>
		<height>256</height>
		<depth>3</depth>
	</size>
	<object>
		<name>Apple Scab</name>
		<pose>Unspecified</pose>
		<truncated>Unspecified</truncated>
		<difficult>Unspecified</difficult>
		<bndbox>
			<xmin>140</xmin>
			<ymin>51</ymin>
			<xmax>172</xmax>
			<ymax>107</ymax>
		</bndbox>
	</object>
	<object>
		<name>Apple Scab</name>
		<pose>Unspecified</pose>
		<truncated>Unspecified</truncated>
		<difficult>Unspecified</difficult>
		<bndbox>
			<xmin>98</xmin>
			<ymin>74</ymin>
			<xmax>130</xmax>
			<ymax>98</ymax>
		</bndbox>
	</object>
	<object>
		<name>Apple Scab</name>
		<pose>Unspecified</pose>
		<truncated>Unspecified</truncated>
		<difficult>Unspecified</difficult>
		<bndbox>
			<xmin>109</xmin>
			<ymin>140</ymin>
			<xmax>153</xmax>
			<ymax>161</ymax>
		</bndbox>
	</object>
	<object>
		<name>Apple Scab</name>
		<pose>Unspecified</pose>
		<truncated>Unspecified</truncated>
		<difficult>Unspecified</difficult>
		<bndbox>
			<xmin>120</xmin>
			<ymin>115</ymin>
			<xmax>140</xmax>
			<ymax>133</ymax>
		</bndbox>
	</object>
	<object>
		<name>Apple Scab</name>
		<pose>Unspecified</pose>
		<truncated>Unspecified</truncated>
		<difficult>Unspecified</difficult>
		<bndbox>
			<xmin>60</xmin>
			<ymin>150</ymin>
			<xmax>94</xmax>
			<ymax>165</ymax>
		</bndbox>
	</object>
	<object>
		<name>Apple Scab</name>
		<pose>Unspecified</pose>
		<truncated>Unspecified</truncated>
		<difficult>Unspecified</difficult>
		<bndbox>
			<xmin>91</xmin>
			<ymin>168</ymin>
			<xmax>165</xmax>
			<ymax>192</ymax>
		</bndbox>
	</object>
	<object>
		<name>Apple Scab</name>
		<pose>Unspecified</pose>
		<truncated>Unspecified</truncated>
		<difficult>Unspecified</difficult>
		<bndbox>
			<xmin>171</xmin>
			<ymin>117</ymin>
			<xmax>239</xmax>
			<ymax>157</ymax>
		</bndbox>
	</object>
	<object>
		<name>Apple Scab</name>
		<pose>Unspecified</pose>
		<truncated>Unspecified</truncated>
		<difficult>Unspecified</difficult>
		<bndbox>
			<xmin>192</xmin>
			<ymin>168</ymin>
			<xmax>215</xmax>
			<ymax>184</ymax>
		</bndbox>
	</object>
	<object>
		<name>Apple Scab</name>
		<pose>Unspecified</pose>
		<truncated>Unspecified</truncated>
		<difficult>Unspecified</difficult>
		<bndbox>
			<xmin>88</xmin>
			<ymin>201</ymin>
			<xmax>126</xmax>
			<ymax>224</ymax>
		</bndbox>
	</object>
	<object>
		<name>Apple Scab</name>
		<pose>Unspecified</pose>
		<truncated>Unspecified</truncated>
		<difficult>Unspecified</difficult>
		<bndbox>
			<xmin>46</xmin>
			<ymin>210</ymin>
			<xmax>72</xmax>
			<ymax>223</ymax>
		</bndbox>
	</object>
</annotation>