<annotation>
	<folder>my-project-name</folder>
	<filename>606.JPG</filename>
	<path>/my-project-name/606.JPG</path>
	<source>
		<database>Unspecified</database>
	</source>
	<size>
		<width>256</width>
		<height>256</height>
		<depth>3</depth>
	</size>
	<object>
		<name>Apple Scab</name>
		<pose>Unspecified</pose>
		<truncated>Unspecified</truncated>
		<difficult>Unspecified</difficult>
		<bndbox>
			<xmin>100</xmin>
			<ymin>79</ymin>
			<xmax>165</xmax>
			<ymax>131</ymax>
		</bndbox>
	</object>
	<object>
		<name>Apple Scab</name>
		<pose>Unspecified</pose>
		<truncated>Unspecified</truncated>
		<difficult>Unspecified</difficult>
		<bndbox>
			<xmin>104</xmin>
			<ymin>141</ymin>
			<xmax>141</xmax>
			<ymax>179</ymax>
		</bndbox>
	</object>
	<object>
		<name>Apple Scab</name>
		<pose>Unspecified</pose>
		<truncated>Unspecified</truncated>
		<difficult>Unspecified</difficult>
		<bndbox>
			<xmin>77</xmin>
			<ymin>179</ymin>
			<xmax>95</xmax>
			<ymax>197</ymax>
		</bndbox>
	</object>
	<object>
		<name>Apple Scab</name>
		<pose>Unspecified</pose>
		<truncated>Unspecified</truncated>
		<difficult>Unspecified</difficult>
		<bndbox>
			<xmin>39</xmin>
			<ymin>177</ymin>
			<xmax>64</xmax>
			<ymax>208</ymax>
		</bndbox>
	</object>
	<object>
		<name>Apple Scab</name>
		<pose>Unspecified</pose>
		<truncated>Unspecified</truncated>
		<difficult>Unspecified</difficult>
		<bndbox>
			<xmin>188</xmin>
			<ymin>39</ymin>
			<xmax>206</xmax>
			<ymax>61</ymax>
		</bndbox>
	</object>
	<object>
		<name>Apple Scab</name>
		<pose>Unspecified</pose>
		<truncated>Unspecified</truncated>
		<difficult>Unspecified</difficult>
		<bndbox>
			<xmin>198</xmin>
			<ymin>89</ymin>
			<xmax>221</xmax>
			<ymax>100</ymax>
		</bndbox>
	</object>
	<object>
		<name>Apple Scab</name>
		<pose>Unspecified</pose>
		<truncated>Unspecified</truncated>
		<difficult>Unspecified</difficult>
		<bndbox>
			<xmin>8</xmin>
			<ymin>235</ymin>
			<xmax>21</xmax>
			<ymax>246</ymax>
		</bndbox>
	</object>
</annotation>