<annotation>
	<folder>my-project-name</folder>
	<filename>632.JPG</filename>
	<path>/my-project-name/632.JPG</path>
	<source>
		<database>Unspecified</database>
	</source>
	<size>
		<width>256</width>
		<height>256</height>
		<depth>3</depth>
	</size>
	<object>
		<name>Apple Scab</name>
		<pose>Unspecified</pose>
		<truncated>Unspecified</truncated>
		<difficult>Unspecified</difficult>
		<bndbox>
			<xmin>124</xmin>
			<ymin>95</ymin>
			<xmax>157</xmax>
			<ymax>116</ymax>
		</bndbox>
	</object>
	<object>
		<name>Apple Scab</name>
		<pose>Unspecified</pose>
		<truncated>Unspecified</truncated>
		<difficult>Unspecified</difficult>
		<bndbox>
			<xmin>110</xmin>
			<ymin>144</ymin>
			<xmax>149</xmax>
			<ymax>168</ymax>
		</bndbox>
	</object>
	<object>
		<name>Apple Scab</name>
		<pose>Unspecified</pose>
		<truncated>Unspecified</truncated>
		<difficult>Unspecified</difficult>
		<bndbox>
			<xmin>121</xmin>
			<ymin>190</ymin>
			<xmax>131</xmax>
			<ymax>204</ymax>
		</bndbox>
	</object>
	<object>
		<name>Apple Scab</name>
		<pose>Unspecified</pose>
		<truncated>Unspecified</truncated>
		<difficult>Unspecified</difficult>
		<bndbox>
			<xmin>124</xmin>
			<ymin>21</ymin>
			<xmax>134</xmax>
			<ymax>27</ymax>
		</bndbox>
	</object>
</annotation>