<annotation>
	<folder>my-project-name</folder>
	<filename>640.JPG</filename>
	<path>/my-project-name/640.JPG</path>
	<source>
		<database>Unspecified</database>
	</source>
	<size>
		<width>256</width>
		<height>256</height>
		<depth>3</depth>
	</size>
	<object>
		<name>Apple Scab</name>
		<pose>Unspecified</pose>
		<truncated>Unspecified</truncated>
		<difficult>Unspecified</difficult>
		<bndbox>
			<xmin>128</xmin>
			<ymin>49</ymin>
			<xmax>182</xmax>
			<ymax>143</ymax>
		</bndbox>
	</object>
	<object>
		<name>Apple Scab</name>
		<pose>Unspecified</pose>
		<truncated>Unspecified</truncated>
		<difficult>Unspecified</difficult>
		<bndbox>
			<xmin>188</xmin>
			<ymin>46</ymin>
			<xmax>224</xmax>
			<ymax>83</ymax>
		</bndbox>
	</object>
	<object>
		<name>Apple Scab</name>
		<pose>Unspecified</pose>
		<truncated>Unspecified</truncated>
		<difficult>Unspecified</difficult>
		<bndbox>
			<xmin>215</xmin>
			<ymin>110</ymin>
			<xmax>229</xmax>
			<ymax>125</ymax>
		</bndbox>
	</object>
	<object>
		<name>Apple Scab</name>
		<pose>Unspecified</pose>
		<truncated>Unspecified</truncated>
		<difficult>Unspecified</difficult>
		<bndbox>
			<xmin>110</xmin>
			<ymin>162</ymin>
			<xmax>146</xmax>
			<ymax>195</ymax>
		</bndbox>
	</object>
	<object>
		<name>Apple Scab</name>
		<pose>Unspecified</pose>
		<truncated>Unspecified</truncated>
		<difficult>Unspecified</difficult>
		<bndbox>
			<xmin>71</xmin>
			<ymin>157</ymin>
			<xmax>88</xmax>
			<ymax>177</ymax>
		</bndbox>
	</object>
	<object>
		<name>Apple Scab</name>
		<pose>Unspecified</pose>
		<truncated>Unspecified</truncated>
		<difficult>Unspecified</difficult>
		<bndbox>
			<xmin>82</xmin>
			<ymin>180</ymin>
			<xmax>95</xmax>
			<ymax>191</ymax>
		</bndbox>
	</object>
	<object>
		<name>Apple Scab</name>
		<pose>Unspecified</pose>
		<truncated>Unspecified</truncated>
		<difficult>Unspecified</difficult>
		<bndbox>
			<xmin>95</xmin>
			<ymin>194</ymin>
			<xmax>112</xmax>
			<ymax>210</ymax>
		</bndbox>
	</object>
	<object>
		<name>Apple Scab</name>
		<pose>Unspecified</pose>
		<truncated>Unspecified</truncated>
		<difficult>Unspecified</difficult>
		<bndbox>
			<xmin>96</xmin>
			<ymin>217</ymin>
			<xmax>147</xmax>
			<ymax>252</ymax>
		</bndbox>
	</object>
	<object>
		<name>Apple Scab</name>
		<pose>Unspecified</pose>
		<truncated>Unspecified</truncated>
		<difficult>Unspecified</difficult>
		<bndbox>
			<xmin>143</xmin>
			<ymin>200</ymin>
			<xmax>162</xmax>
			<ymax>211</ymax>
		</bndbox>
	</object>
	<object>
		<name>Apple Scab</name>
		<pose>Unspecified</pose>
		<truncated>Unspecified</truncated>
		<difficult>Unspecified</difficult>
		<bndbox>
			<xmin>121</xmin>
			<ymin>201</ymin>
			<xmax>133</xmax>
			<ymax>210</ymax>
		</bndbox>
	</object>
	<object>
		<name>Apple Scab</name>
		<pose>Unspecified</pose>
		<truncated>Unspecified</truncated>
		<difficult>Unspecified</difficult>
		<bndbox>
			<xmin>171</xmin>
			<ymin>155</ymin>
			<xmax>188</xmax>
			<ymax>176</ymax>
		</bndbox>
	</object>
	<object>
		<name>Apple Scab</name>
		<pose>Unspecified</pose>
		<truncated>Unspecified</truncated>
		<difficult>Unspecified</difficult>
		<bndbox>
			<xmin>194</xmin>
			<ymin>228</ymin>
			<xmax>202</xmax>
			<ymax>236</ymax>
		</bndbox>
	</object>
	<object>
		<name>Apple Scab</name>
		<pose>Unspecified</pose>
		<truncated>Unspecified</truncated>
		<difficult>Unspecified</difficult>
		<bndbox>
			<xmin>74</xmin>
			<ymin>100</ymin>
			<xmax>88</xmax>
			<ymax>114</ymax>
		</bndbox>
	</object>
</annotation>