<annotation>
	<folder>my-project-name</folder>
	<filename>641.JPG</filename>
	<path>/my-project-name/641.JPG</path>
	<source>
		<database>Unspecified</database>
	</source>
	<size>
		<width>256</width>
		<height>256</height>
		<depth>3</depth>
	</size>
	<object>
		<name>Apple Scab</name>
		<pose>Unspecified</pose>
		<truncated>Unspecified</truncated>
		<difficult>Unspecified</difficult>
		<bndbox>
			<xmin>67</xmin>
			<ymin>120</ymin>
			<xmax>101</xmax>
			<ymax>163</ymax>
		</bndbox>
	</object>
</annotation>